SECTEUR,Population_Totale,Pred_2026_Gauche,Pred_2026_RN,Pred_2026_Centre,Pred_2026_Droite
1,62635,69.66652565933096,11.024526370388099,6.040640213416891,5.034945369721219
2,105397,50.46652565933095,24.9195263703881,8.35934021341689,9.31494536972122
3,83824,40.28652565933095,20.6195263703881,17.00774021341689,13.54494536972122
4,118280,28.786525659330948,23.969526370388103,21.574140213416893,21.53494536972122
5,136199,4.266525659330947,49.204526370388095,29.763640213416892,12.25494536972122
6,123309,28.33652565933095,38.0345263703881,17.48504021341689,13.84494536972122
7,152655,46.296525659330946,35.109526370388096,4.001040213416891,12.714945369721221
8,94916,61.07652565933095,25.6245263703881,2.6396402134168913,6.534945369721219
